Top queries,Clicks,Impressions,CTR,Position
adelphi living,255,765,33.33%,1.06
adelphi,15,314,4.78%,10.04
sil providers perth,11,98,11.22%,2.2
supported independent living perth,8,327,2.45%,8.1
disability accommodation perth,4,645,0.62%,21.36
sda providers perth,4,39,10.26%,7.21
ndis providers near me,3,54,5.56%,1
adelphi living mandurah,3,18,16.67%,1.06
sil ndis,2,906,0.22%,37.77
ndis housing perth,2,454,0.44%,10.86
ndis providers perth,2,357,0.56%,48.13
disability supported accommodation perth,2,222,0.9%,13.06
sil accommodation perth,2,13,15.38%,4.38
ndis,1,974,0.1%,3.13
disability housing perth,1,498,0.2%,24.32
specialist disability accommodation perth,1,434,0.23%,8.61
sil,1,342,0.29%,5.02
ndis events perth,1,264,0.38%,15.02
ndis short term accommodation,1,261,0.38%,29.24
disability service providers perth,1,223,0.45%,66.67
disability accommodation wa,1,202,0.5%,20.64
medium term accommodation ndis,1,183,0.55%,35.9
medium term accommodation,1,142,0.7%,37.8
disability housing,1,113,0.88%,27.12
ndis respite accommodation,1,106,0.94%,38.69
medium term accommodation perth,1,83,1.2%,7.55
ndis sda housing,1,77,1.3%,88.03
disability homes,1,74,1.35%,7.62
sil housing,1,47,2.13%,68.81
adelphi apartments perth,1,35,2.86%,10.71
adelphi living jobs,1,32,3.12%,6.53
ndis robust housing,1,24,4.17%,24.96
ndis wa providers,1,17,5.88%,85.18
sda living,1,11,9.09%,3.18
disability services near me,1,8,12.5%,46
adelphi care,1,7,14.29%,15.14
support coordinators,1,6,16.67%,2.17
sda payment,1,5,20%,2
assisted living for schizophrenia near me,1,3,33.33%,1.33
ndia wa,1,3,33.33%,32.33
ndis sda application form,1,2,50%,3.5
adelphi housing,1,2,50%,4
disability support organisation,1,1,100%,1
disability support services near me,1,1,100%,1
independent living supplies,1,1,100%,1
ndis support provider,1,1,100%,4
ndis perth,0,973,0%,68.87
sda ndis,0,913,0%,50.95
supported independent living ndis,0,715,0%,78.21
ndis supported independent living,0,507,0%,88.99
disability accommodation,0,493,0%,39.97
ndis sil,0,491,0%,42.67
ndis provider perth,0,348,0%,50.79
sil provider,0,348,0%,55.48
ndis accommodation,0,344,0%,72.33
ndis events,0,337,0%,53.12
ndis sda,0,335,0%,64
supported independent living,0,331,0%,6.66
sda provider,0,328,0%,66.8
sil providers,0,302,0%,72.92
supported accommodation perth,0,255,0%,47.15
respite accommodation,0,254,0%,41.36
disability group homes perth,0,248,0%,40.53
ndis support coordination perth,0,248,0%,82.07
assisted living perth,0,243,0%,39.94
sil accommodation,0,241,0%,32.04
sda accommodation,0,226,0%,69.61
sda house,0,224,0%,71.25
short term accommodation perth,0,219,0%,47.44
supported independent living providers,0,218,0%,72.86
sda housing perth,0,217,0%,19.22
ndis perth wa,0,199,0%,67.59
disability services perth,0,196,0%,78.09
supported living accommodation,0,194,0%,33.96
independent living wa,0,194,0%,40.94
independent living specialists,0,182,0%,78.75
independent living housing,0,178,0%,1.78
supported living,0,178,0%,26.85
ndis provider wa,0,178,0%,68.74
independent living,0,174,0%,69.65
ndis service provider perth,0,169,0%,75.22
disability respite accommodation,0,160,0%,47.88
ndis events wa,0,156,0%,11.39
sda house available,0,154,0%,53.56
ndis events western australia,0,152,0%,24.17
ndis services perth,0,148,0%,83.29
what is sda,0,147,0%,53.76
disability accommodation services,0,141,0%,30.36
residential disability access perth,0,139,0%,45.68
ndis service providers perth,0,137,0%,93.12
ndis respite,0,135,0%,57.99
disability short term accommodation,0,124,0%,31.56
independent living perth,0,123,0%,30.3
independent living services,0,123,0%,68.54
respite care perth,0,122,0%,99.93
sda living western australia,0,118,0%,3.62
supported accommodation ndis,0,113,0%,5.65
disability care services perth,0,111,0%,77.23
sda homes,0,111,0%,77.62
ndis providers wa,0,111,0%,77.94
ndis independent living,0,110,0%,76.12
short term accommodation ndis,0,108,0%,29.77
independent living apartments for disabled,0,107,0%,1
sda housing ndis,0,105,0%,81.06
supported disability accommodation,0,105,0%,81.42
ndis medium term accommodation,0,103,0%,34.83
support coordinator perth,0,103,0%,39.69
disability and independent living,0,102,0%,7.53
assisted living,0,100,0%,66.86
sda houses,0,100,0%,71.59
ndis living,0,100,0%,77.04
ndis housing,0,98,0%,5.64
disability rental housing perth,0,97,0%,37.76
independent living solutions,0,96,0%,66.75
disability support services perth,0,96,0%,95.35
independent living perth wa,0,95,0%,37.01
ndis accommodation vacancies,0,93,0%,20.75
sda apartments,0,93,0%,41.94
ndis mental health perth,0,93,0%,78.81
independent living western australia,0,91,0%,37.27
independent living homes,0,90,0%,85
ndis assisted living,0,89,0%,47.9
independent living facilities near me,0,88,0%,41.75
sil accomodation,0,88,0%,63.57
short term accommodation disability,0,85,0%,44.29
independent living near me,0,84,0%,29.64
long stay accommodation perth,0,84,0%,59.51
independent living disabled,0,83,0%,6.19
freedom adelphi,0,82,0%,38.05
atsa independent living expo,0,81,0%,12.77
sda housing availability,0,80,0%,74.36
able living,0,80,0%,91.24
sda properties perth,0,79,0%,17.75
assisted living apartments for disabled,0,78,0%,84.33
living in perth,0,78,0%,88.68
disability service provider perth,0,76,0%,64.96
sda houding ndis,0,76,0%,82
supported accommodation for people with disabilities,0,76,0%,129.14
disability apartments,0,75,0%,57.39
mental health housing wa,0,74,0%,72.68
housing disability perth,0,72,0%,24.96
specialist disability accommodation providers,0,72,0%,71.42
sda perth,0,71,0%,21.56
ndis sil rules,0,71,0%,27.15
sil and sda,0,71,0%,27.25
disability home care perth,0,71,0%,59.2
disability home care,0,71,0%,71.34
specialist support coordination perth,0,70,0%,64.71
ndis properties perth,0,69,0%,16
housing for people with disabilities perth,0,69,0%,33.7
specialist disability housing perth,0,66,0%,17.03
disability housing options perth,0,66,0%,26.26
ndis sda properties perth,0,64,0%,13.86
respite short term accommodation,0,61,0%,55.9
sda participants,0,61,0%,75.92
sil funding ndis,0,60,0%,46.03
long term accommodation perth,0,60,0%,49.58
disability residential homes,0,59,0%,1
physical disability housing perth,0,59,0%,15.9
disability housing solutions perth,0,59,0%,29
independent living expo,0,58,0%,13.62
alchera living,0,58,0%,83.05
respite care perth wa,0,57,0%,89.68
disability apartments perth,0,56,0%,19.34
ndis sil providers,0,56,0%,71.61
sil ndis funding,0,55,0%,46.89
supported independent living disability,0,55,0%,74.67
supported accommodation,0,55,0%,83.96
ndis accommodation provider,0,54,0%,17.65
independent living center perth,0,53,0%,81.55
it provider perth,0,53,0%,83.38
ndis provider,0,52,0%,2.9
perth disability renovation,0,52,0%,35.83
short term accommodation,0,50,0%,56.24
erskine accommodation,0,49,0%,81.43
housing for the disabled,0,48,0%,74.15
perth disability services,0,47,0%,75.68
sil disability housing,0,46,0%,4.65
sda providers,0,46,0%,5.7
sda wa,0,46,0%,29.76
atsa,0,44,0%,34.57
sda,0,44,0%,58.55
supported living ndis,0,44,0%,65.66
disability solutions for independent living,0,44,0%,79.73
sda providers victoria,0,43,0%,68.84
disabled accommodation perth,0,42,0%,39.26
howard accommodation,0,42,0%,87
disabled persons housing service,0,42,0%,140.93
sil services,0,41,0%,2.95
sda and sil,0,40,0%,32.5
supported independant living facility,0,40,0%,65.83
disability home care services,0,39,0%,101.56
ndis supported accommodation,0,38,0%,9.11
sda services,0,38,0%,55.74
maddington accommodation,0,38,0%,90.11
long term disability accommodation services,0,37,0%,43.73
furnished accommodation perth,0,37,0%,63.81
perth disability service provider and participant connection expo 2021,0,36,0%,10.53
ndis joondalup,0,36,0%,70.31
sil eligibility,0,35,0%,48.17
independent living disability housing,0,34,0%,78.41
disabled living accommodation,0,34,0%,87.76
disability services,0,33,0%,1.12
atsa expo,0,33,0%,19.18
sil sda,0,33,0%,27.79
medium-term accommodation,0,33,0%,30.76
ndis homes,0,33,0%,61.79
retirement living perth,0,33,0%,81.03
home for disabled,0,33,0%,121.06
adelphi apartments,0,32,0%,41.91
national disability insurance scheme perth,0,32,0%,70.72
content living homes,0,32,0%,72.75
disability activities perth,0,32,0%,95.59
sda categories,0,31,0%,35.45
respite accommodation ndis,0,30,0%,42.4
perth living,0,30,0%,58.53
short term accommodation for disabled,0,30,0%,60.2
independent living products perth wa,0,30,0%,74.27
ndis mandurah,0,29,0%,53.07
disability care wa,0,29,0%,96
sda disability,0,28,0%,4.07
ndis short term accommodation providers,0,28,0%,31.25
sda payments,0,28,0%,41.32
short term apartments perth wa,0,28,0%,66.82
ndis rockingham,0,28,0%,70.07
ndis sil eligibility,0,27,0%,41.33
short stay accommodation perth,0,27,0%,61.11
perth short term accommodation,0,26,0%,49.08
ndis sda rules,0,26,0%,56.35
specialist disability accommodation,0,26,0%,76.96
ndis support perth,0,26,0%,79.19
respite,0,25,0%,75.36
howlong accommodation,0,25,0%,79.4
adelphi apartments echuca,0,25,0%,84.72
disability perth,0,25,0%,89.88
sil perth,0,24,0%,1.17
adelphi perth,0,24,0%,10.62
share accommodation perth,0,24,0%,64.75
specialised disability accommodation,0,24,0%,79.83
sil supports,0,24,0%,82.33
serviced apartments perth,0,24,0%,95.88
the adelphi,0,23,0%,39.43
what are the ndis supported indepented living,0,23,0%,106.65
adelphi hotel perth,0,21,0%,29.76
approved ndis providers in perth,0,21,0%,44.81
sda home,0,20,0%,72.3
perth apartments short stay,0,20,0%,89.6
aussie living homes,0,20,0%,90.5
altum living,0,20,0%,93
what is sda ndis,0,19,0%,41.47
ndis short term accommodation providers melbourne,0,19,0%,51.84
sda contact,0,19,0%,56.32
respite ndis,0,19,0%,70.16
perth convention centre accommodation,0,19,0%,73.11
what is sil,0,19,0%,88.58
disability housing wa,0,18,0%,29.67
perth expo,0,18,0%,47.89
ndis sil provider,0,18,0%,73
disabled living apartments,0,18,0%,75.22
ndis bunbury,0,18,0%,87.22
disability living support,0,17,0%,1
ndis contact number,0,17,0%,2.24
mental health supported accommodation perth,0,17,0%,53.53
sda housing providers,0,17,0%,56.59
sil supported independent living,0,17,0%,83.65
ndis specialist disability accommodation,0,17,0%,96.29
worker accommodation,0,16,0%,3.75
short term accomodation ndis,0,16,0%,30.94
short stay disability accommodation,0,16,0%,39.38
sil funding,0,16,0%,82.31
ndis number,0,15,0%,2.93
high physical support sda,0,15,0%,38.13
robust housing,0,15,0%,42.8
disability group homes,0,15,0%,69.2
supported independent living provider,0,15,0%,76.27
ndis housing provider,0,15,0%,90.93
ndis service providers wa,0,14,0%,1.79
supported independent living accommodation,0,14,0%,51.29
adventist senior living,0,14,0%,71
ndis air conditioning,0,14,0%,73.43
independent living services for the disabled,0,14,0%,185.64
ndis short term accommodation clarmore,0,13,0%,6.38
live your potential expo,0,13,0%,6.69
disability service provider and participant connection expo 2021,0,13,0%,11.54
disability care perth,0,13,0%,56.85
ndis housing providers,0,13,0%,74.08
it providers perth,0,13,0%,83.38
ndis home and living,0,12,0%,4.17
ndis wa,0,12,0%,18.83
what is sil ndis,0,12,0%,22
support coordinators perth,0,12,0%,41.58
surgical house perth,0,12,0%,53.75
perth share accommodation,0,12,0%,57.42
wheelchair accessible accommodation perth,0,12,0%,73.5
share accommodation in perth,0,12,0%,83.17
supported disability accommodation ndis,0,12,0%,83.83
adelphi beauty,0,11,0%,3.27
"perth disability service provider and participant connection expo 2021, 
perth convention and exhibition centre, 11 june",0,11,0%,10
disability service provider and participant connection expo,0,11,0%,12
ndis sil funding,0,11,0%,59.82
short stay rentals perth,0,11,0%,79.45
short stay apartments perth,0,11,0%,88.45
disability,0,10,0%,1.4
adelphi house,0,10,0%,3
ndis apartments,0,10,0%,7.2
ndis sil and sda,0,10,0%,21.7
sil logo,0,10,0%,31.8
robust sda,0,10,0%,38.5
ndis tablet,0,10,0%,61.7
accessible accommodation perth,0,10,0%,80.9
community living perth,0,10,0%,81.9
respite care in perth,0,10,0%,96
workers accommodation,0,9,0%,1
abilities expo perth 2021,0,9,0%,6.67
sda funding,0,9,0%,18.33
howard emery,0,9,0%,23.33
ndis short term accomodation,0,9,0%,24.44
ndis locations,0,9,0%,47
sda funding ndis,0,9,0%,49.44
get building sda,0,9,0%,50
specialist disability accommodation providers victoria,0,9,0%,53.89
share accomodation perth,0,9,0%,62.11
ndis short term accommodation mental health,0,9,0%,78.22
independent builders perth,0,9,0%,85.89
disability organisations perth,0,9,0%,88.22
ndis service providers,0,8,0%,3.75
home and living ndis,0,8,0%,5
ndis accommodation support,0,8,0%,8.12
ndis short term accommodation providers victoria,0,8,0%,56
ndis short term accommodation rules,0,8,0%,56.5
contact sda,0,8,0%,57.75
sil house,0,8,0%,61.38
sil ltd,0,8,0%,64
south perth short term accommodation,0,8,0%,66.12
long term serviced apartments perth,0,8,0%,68.62
medium term accommodation providers,0,8,0%,73
home and living expo,0,8,0%,75
short term apartments perth,0,8,0%,80.25
living in perth wa,0,8,0%,84.62
it provider,0,8,0%,86
medium perth,0,8,0%,88.5
ndis housing solutions,0,8,0%,94
disability support perth,0,8,0%,104.12
supported independent living wa,0,7,0%,17.71
ndis service providers near me,0,7,0%,22.29
sda solutions,0,7,0%,24.43
sda and sil ndis,0,7,0%,30.43
disability respite houses,0,7,0%,44.86
fully accessible sda,0,7,0%,53.43
sda access,0,7,0%,74.14
specialist disability accommodation ndis,0,7,0%,74.86
retirement living wa,0,7,0%,78.14
adelphi insurance,0,7,0%,81.14
independent living disability,0,7,0%,89.43
independent living centre mandurah,0,7,0%,93.14
service apartment perth,0,7,0%,93.43
ndis provider registration wa,0,7,0%,96.71
living independently,0,6,0%,1
sdas,0,6,0%,3.5
independant living,0,6,0%,4.33
sda approved builders perth,0,6,0%,9.5
short term disability accommodation,0,6,0%,13
specialist disability accommodation services,0,6,0%,14.33
ndis provider near me,0,6,0%,21.33
assisted living mandurah,0,6,0%,33.17
ndia sil,0,6,0%,35.17
short term accomodation perth,0,6,0%,41.17
sil support,0,6,0%,55
alioth independents,0,6,0%,61.17
handicap assisted living,0,6,0%,64.5
short term stay perth,0,6,0%,66.83
serviced apartments perth long term,0,6,0%,70.67
short term rental perth,0,6,0%,74.5
open homes perth,0,6,0%,79.5
disability housing providers,0,6,0%,81.17
sda approved housing,0,6,0%,91.17
short term respite care,0,6,0%,91.17
perth short stay apartments,0,6,0%,92
sil living,0,5,0%,1.6
disability living,0,5,0%,1.8
ndis phone number,0,5,0%,2
aldelphi,0,5,0%,2.4
supported independent living homes,0,5,0%,6
adelphi menu,0,5,0%,25.4
sil disability,0,5,0%,31.2
medium stay accommodation,0,5,0%,31.4
sil houses,0,5,0%,34
ndis short term accommodation rates,0,5,0%,36
disability accomodation,0,5,0%,37.8
ndis short term accommodation and assistance,0,5,0%,37.8
avendelle assisted living,0,5,0%,50.2
independent living centre perth,0,5,0%,51
mental health accommodation perth,0,5,0%,51.4
sda ndis rules,0,5,0%,55
independent living accommodation,0,5,0%,58
long stay accommodation perth cbd,0,5,0%,58.8
living wa,0,5,0%,60.6
sil homes,0,5,0%,66.8
disability services mandurah,0,5,0%,70.4
sda aged care,0,5,0%,72.2
logo adelphi,0,5,0%,79.4
shared accommodation,0,5,0%,81.8
long term accommodation rockingham,0,5,0%,87.4
disability housing solutions brisbane,0,5,0%,91
clairvoyant perth,0,5,0%,92.2
cheap serviced apartments perth,0,5,0%,93
disabled living near me,0,4,0%,1
aldephi,0,4,0%,1.5
sda approved builders,0,4,0%,1.75
ndis disability support,0,4,0%,2
sda housing qld,0,4,0%,2.5
housing ndis,0,4,0%,3
ndis renovations perth,0,4,0%,3.75
ndis support,0,4,0%,3.75
abilities expo,0,4,0%,8.75
sda sil,0,4,0%,19.5
disability homes near me,0,4,0%,22
improved liveability sda,0,4,0%,28
27 adelphi road claremont,0,4,0%,35.75
living expo,0,4,0%,37.25
sda robust,0,4,0%,38
living in wa,0,4,0%,39
ndis expo,0,4,0%,41.5
sda levels ndis,0,4,0%,46
ndis supported living,0,4,0%,51.75
short term accommodation perth wa,0,4,0%,52.25
sil assessment ndis,0,4,0%,56.75
short stay perth,0,4,0%,58.75
difference between sil and sda,0,4,0%,59
what does sil include,0,4,0%,59.5
sda virtual room,0,4,0%,63
improved living solutions,0,4,0%,64.75
independant living solutions,0,4,0%,65.75
home expo perth,0,4,0%,67.5
disability respite,0,4,0%,75.5
air adelphi,0,4,0%,76
possibility disability services,0,4,0%,76.25
adelphi group,0,4,0%,77.25
home assist wa,0,4,0%,79.25
supports sil,0,4,0%,92.25
s&a living,0,4,0%,94
ndis wa contact,0,4,0%,94.75
disability centre,0,3,0%,1
disability facility near me,0,3,0%,1
disability service,0,3,0%,1
disability service provider,0,3,0%,1
sil accommodation ndis,0,3,0%,4.33
ndis houses,0,3,0%,5
wa ndis,0,3,0%,5
ndis accommodation perth,0,3,0%,8
developing australian communities expo,0,3,0%,12.67
sda high physical support,0,3,0%,27
what is ndis sil,0,3,0%,27
improved livability,0,3,0%,29
ndis medium term accommodation providers,0,3,0%,29.33
temporary accommodation perth,0,3,0%,37.67
howard livings,0,3,0%,40
sda care,0,3,0%,46.67
ndis sda eligibility,0,3,0%,49
short stays perth,0,3,0%,50.33
short term accommodation in perth,0,3,0%,50.33
independence living,0,3,0%,54
adelphi care services,0,3,0%,55
independent living centres australia,0,3,0%,55
short term rentals perth wa,0,3,0%,55.67
perth short stay accommodation,0,3,0%,56.33
live in treeby,0,3,0%,59
disability housing solutions,0,3,0%,59.67
independent living centre wa,0,3,0%,65
ndis accomodation,0,3,0%,65.33
shared supported accommodation disability services,0,3,0%,68.33
independant living specialists,0,3,0%,75.67
accommodation perth region,0,3,0%,76
adelphi logo,0,3,0%,77.33
connection perth,0,3,0%,78.33
short term accommodation mandurah,0,3,0%,78.67
"supported independent living ndis, supported independent living vacancies, 
supported independent living sil",0,3,0%,80.67
perth beauty expo,0,3,0%,82.33
independent living equipment perth,0,3,0%,86.33
ndis living assistance,0,3,0%,89
homes west joondalup,0,3,0%,89.33
perth serviced accommodation,0,3,0%,90.33
sda logo,0,3,0%,91.67
perth exhibitions,0,3,0%,92.67
perth serviced apartment deal,0,3,0%,93.33
shared accommodation perth,0,3,0%,96
exhibitions perth,0,3,0%,99.33
intellectual disability accommodation,0,3,0%,123.67
diability services,0,2,0%,1
disability facility,0,2,0%,1
housing support,0,2,0%,1
independent support services,0,2,0%,1
living,0,2,0%,1
ndis support workers near me,0,2,0%,1
support independent living,0,2,0%,1
disability home,0,2,0%,1.5
ndis disability services,0,2,0%,1.5
independent supported living,0,2,0%,2
ndis home care,0,2,0%,2
sil insurance,0,2,0%,2
call ndis,0,2,0%,2.5
disability support work,0,2,0%,3
disability support worker,0,2,0%,3
independent living facilities for disabled,0,2,0%,3
ndis home,0,2,0%,3
sda accomodation,0,2,0%,3
supported independant living,0,2,0%,3
ndis providers,0,2,0%,3.5
ndis supplier,0,2,0%,3.5
organisation,0,2,0%,5.5
in home support ndis,0,2,0%,6.5
medium term accomodation ndis,0,2,0%,9.5
sil payments,0,2,0%,10
disability expo perth 2021,0,2,0%,14
adelphi freedom,0,2,0%,22.5
sil ndia,0,2,0%,24
disability expo perth,0,2,0%,24.5
sda robust housing,0,2,0%,28.5
connect expo,0,2,0%,34
sda assessments,0,2,0%,38
adelphi employment,0,2,0%,38.5
apartments for people with disabilities,0,2,0%,43
building ndis housing,0,2,0%,44
now living,0,2,0%,44
perth home expo,0,2,0%,44
short term accommodation south perth,0,2,0%,44.5
sda western australia,0,2,0%,45
independent living ndis,0,2,0%,46
nitropack scam,0,2,0%,46.5
adelphi springs,0,2,0%,47
independent living centre joondalup,0,2,0%,47.5
disability services wa,0,2,0%,49.5
disability independent living,0,2,0%,50
ailfe perth,0,2,0%,52
living and working in perth,0,2,0%,55.5
short term lease perth,0,2,0%,58
living perth,0,2,0%,64
independent events perth,0,2,0%,64.5
short term apartment rental perth,0,2,0%,64.5
independent living centre,0,2,0%,66.5
short term rentals perth,0,2,0%,68
what is a sil,0,2,0%,72.5
individualised living options,0,2,0%,76
short term accomodation,0,2,0%,76
freedom adelphi table,0,2,0%,76.5
independent senior living,0,2,0%,78.5
ndis jobs perth wa,0,2,0%,78.5
independent assisted living,0,2,0%,79.5
independent and assisted living communities,0,2,0%,80
home modifications perth,0,2,0%,83
disability care,0,2,0%,85.5
in home respite care,0,2,0%,86.5
sda design categories,0,2,0%,86.5
access housing mandurah,0,2,0%,88.5
living houses,0,2,0%,89
access housing perth,0,2,0%,89.5
what is sda funding,0,2,0%,89.5
participant,0,2,0%,93.5
short stay apartments,0,2,0%,93.5
independent living facilities,0,2,0%,94.5
simple approach perth,0,2,0%,94.5
disability services midland,0,2,0%,95.5
perth disability,0,2,0%,96
independent living home,0,2,0%,98.5
ndis provider logo,0,2,0%,99.5
serviced accommodation perth,0,2,0%,99.5
ndis accommodation providers,0,2,0%,100
sda eligibility,0,2,0%,100.5
respite care services perth,0,2,0%,101.5
homes for disabled,0,2,0%,102.5
independent care solution,0,2,0%,179.5
adelphi house assisted living,0,1,0%,1
adlephi,0,1,0%,1
disability care center,0,1,0%,1
disability care facility,0,1,0%,1
disability care homes,0,1,0%,1
disability holiday accommodation,0,1,0%,1
disability houses,0,1,0%,1
disability support worker agencies,0,1,0%,1
disability supported accommodation,0,1,0%,1
disability supported living,0,1,0%,1
flexible living,0,1,0%,1
indepedent living,0,1,0%,1
independent disability,0,1,0%,1
independent housing,0,1,0%,1
independent living support,0,1,0%,1
independent living victoria,0,1,0%,1
indpendent living,0,1,0%,1
living support,0,1,0%,1
mason homes,0,1,0%,1
ndis aged care providers,0,1,0%,1
ndis disability housing,0,1,0%,1
ndis near me,0,1,0%,1
ndis provider in perth,0,1,0%,1
ndis service,0,1,0%,1
residential disability care facility,0,1,0%,1
support living accommodation,0,1,0%,1
support workers near me,0,1,0%,1
supported living accomodation,0,1,0%,1
supported living homes,0,1,0%,1
supported living provider,0,1,0%,1
supported living services,0,1,0%,1
wa disability services,0,1,0%,1
independent living program,0,1,0%,2
independent living program for disabled,0,1,0%,2
living living,0,1,0%,2
ndis home care providers,0,1,0%,2
"ndis provider""",0,1,0%,2
ndis telephone number,0,1,0%,2
sda housing sydney,0,1,0%,2
sda loan,0,1,0%,2
sda loans,0,1,0%,2
wheelchair accommodation,0,1,0%,2
360 ndis,0,1,0%,3
access living,0,1,0%,3
afelphi,0,1,0%,3
disablity support worker,0,1,0%,3
disbaility,0,1,0%,3
independent living for disabled,0,1,0%,3
n.d.i.s,0,1,0%,3
national disability services,0,1,0%,3
ndia provider,0,1,0%,3
ndis approved housing,0,1,0%,3
ndis call,0,1,0%,3
ndis provider number,0,1,0%,3
ndis provider services,0,1,0%,3
ndis specialist disability accommodation design standard,0,1,0%,3
ndis.,0,1,0%,3
ndis?,0,1,0%,3
sda ndia,0,1,0%,3
sil?,0,1,0%,3
supported indepedent living,0,1,0%,3
/sil,0,1,0%,4
ndis aged care,0,1,0%,4
ndis australia,0,1,0%,4
ndis service provider,0,1,0%,4
sda approval,0,1,0%,4
sda housing,0,1,0%,4
sda housing adelaide,0,1,0%,4
sil solutions,0,1,0%,4
accommodation for disabled adults,0,1,0%,5
accommodation for people with disabilities,0,1,0%,5
aged care supported living,0,1,0%,5
contact ndis,0,1,0%,5
ndis home and living supports,0,1,0%,5
sda in ndis,0,1,0%,5
"""ndis aged care",0,1,0%,6
adelphi 2021,0,1,0%,6
nursing specialty,0,1,0%,6
sda disability housing,0,1,0%,6
sda housing brisbane,0,1,0%,6
sda smart homes reviews,0,1,0%,6
sil housing ndis,0,1,0%,6
abilities expo 2021,0,1,0%,7
adelphi management,0,1,0%,7
robust housing meaning,0,1,0%,10
rockingham disability expo,0,1,0%,10
sil.,0,1,0%,10
accommodation for disability,0,1,0%,11
adelp,0,1,0%,11
adelphi ceo,0,1,0%,11
sda call,0,1,0%,11
disability specialists,0,1,0%,12
indepent living,0,1,0%,12
coordinators,0,1,0%,13
home for the disabled near me,0,1,0%,13
atsa 2021,0,1,0%,16
sda application ndis,0,1,0%,18
ndis expo perth,0,1,0%,19
ndis short term accommodation guidelines,0,1,0%,19
perth disability expo,0,1,0%,19
atsa perth,0,1,0%,22
sda category,0,1,0%,29
sil sda ndis,0,1,0%,33
senior housing,0,1,0%,34
what is an sil ndis,0,1,0%,35
sda assessment,0,1,0%,38
independent living bunbury,0,1,0%,40
+independent +retirement +living,0,1,0%,41
clicks adelphi,0,1,0%,41
intellectual disability support services,0,1,0%,41
who is sil,0,1,0%,41
homes for independent living,0,1,0%,42
independent retirement living,0,1,0%,43
ndia perth,0,1,0%,44
does ndis pay for accommodation,0,1,0%,45
sda ceo,0,1,0%,45
disability sil,0,1,0%,46
independent home care,0,1,0%,48
individual living options,0,1,0%,48
perth long term accommodation,0,1,0%,48
what is sil funding,0,1,0%,49
sda apartment,0,1,0%,51
ndis sda fact sheet,0,1,0%,53
house sharing perth,0,1,0%,56
disability providers perth,0,1,0%,57
perth short term rental,0,1,0%,57
treeby nursing home,0,1,0%,57
"""houses""",0,1,0%,58
share housing perth,0,1,0%,58
apartments perth short stay,0,1,0%,60
flintwood disability services,0,1,0%,61
what is ndis wa,0,1,0%,63
sda virtual,0,1,0%,65
weekly accommodation perth,0,1,0%,65
assisted living disability,0,1,0%,66
erskine wa,0,1,0%,66
sil home,0,1,0%,66
sda options,0,1,0%,67
short term living,0,1,0%,67
short term rentals in perth,0,1,0%,67
home living expo,0,1,0%,68
sda location,0,1,0%,68
ndis application wa,0,1,0%,69
what is ndis,0,1,0%,69
best independent living communities,0,1,0%,70
disability agencies perth,0,1,0%,70
disability expo,0,1,0%,71
shared supported accommodation,0,1,0%,71
disability houses for rent near me,0,1,0%,72
independent living houses,0,1,0%,72
ndis services wa,0,1,0%,73
short term accommodations,0,1,0%,73
expo perth,0,1,0%,75
independent community living,0,1,0%,75
ndis eligibility wa,0,1,0%,75
personal care assistance,0,1,0%,76
share house perth,0,1,0%,76
accommodation peel region wa,0,1,0%,77
long term stay perth,0,1,0%,77
sda structures,0,1,0%,78
short term work perth,0,1,0%,79
www.sil,0,1,0%,81
independent living australia,0,1,0%,82
living in mandurah,0,1,0%,82
perth expo centre,0,1,0%,82
nulsen disability services,0,1,0%,83
ndis support wa,0,1,0%,84
independent living communities,0,1,0%,86
long term accommodation bunbury,0,1,0%,86
ndis sil team,0,1,0%,86
sda resources,0,1,0%,87
self contained apartments perth,0,1,0%,87
what is specialist disability accommodation,0,1,0%,87
long term accommodation services,0,1,0%,88
service apartments perth,0,1,0%,88
short stay apartment perth,0,1,0%,88
beauty expo perth,0,1,0%,89
perthexpo,0,1,0%,89
short term accommodation subiaco,0,1,0%,91
adelphi laudale,0,1,0%,92
ndis sil quote,0,1,0%,92
old age care homes near me,0,1,0%,92
serviced appartments perth,0,1,0%,92
best it service provider perth,0,1,0%,93
exhibitions in perth,0,1,0%,93
home care wa,0,1,0%,93
home living exhibition 2021,0,1,0%,93
living in perth australia,0,1,0%,93
perth home care services,0,1,0%,93
short term accommodation joondalup,0,1,0%,93
sda vacancies,0,1,0%,94
adelphi health services,0,1,0%,95
ndis help with housing,0,1,0%,95
aged care residences,0,1,0%,96
independent living options,0,1,0%,96
outdoor living mandurah,0,1,0%,96
short term accommodation ndis providers,0,1,0%,96
abode living,0,1,0%,97
disabled houses,0,1,0%,97
independent living units adelaide,0,1,0%,97
respite care homes in perth,0,1,0%,97
disability support accommodation,0,1,0%,98
fifo short term accommodation perth,0,1,0%,98
independent living centres,0,1,0%,98
personal services perth wa,0,1,0%,98
short term furnished rentals perth,0,1,0%,98
independent living solution,0,1,0%,99
dali accommodation,0,1,0%,100
independent retirement living adelaide,0,1,0%,100
residential respite high care,0,1,0%,100
disabled independent living housing,0,1,0%,101
respite care ndis,0,1,0%,101
adelphi suites,0,1,0%,102
disability employment services providers perth,0,1,0%,102
disability house,0,1,0%,102
home care perth wa,0,1,0%,102
long term accommodation near me,0,1,0%,102
independent living hobart,0,1,0%,128
bold living,0,1,0%,133
disabled living manchester,0,1,0%,134
disability insurance perth,0,1,0%,141
housing for people with disabilities,0,1,0%,196
disability support providers,0,1,0%,199
live in specialist care,0,1,0%,276